Domain Name,Create Date,Alive,Notes
RECOVERYTODAY.COM,2003-08-01,,
d0pe.org,2020-08-07,,
h0pe.org,2020-08-07,,
j0ke.org,2020-08-07,,
REGENDR.COM,2014-08-07,,
rehabcalifornia.org,2010-08-07,,
CADRUGREHABCENTER.COM,2006-08-08,,
DRUGTESTINGSUSA.COM,2007-08-08,,
REHABPROGRAMALCOHOL.ORG,2006-08-10,,
BULLETPOINTCMS.COM,2009-08-11,X,No Login in Lastpass
ADOLESCENTDRUGREHAB.ORG,2006-08-12,,
DRUGREHABLOCATOR.COM,2009-08-13,X,
DRUGREHABLOCATOR.ORG,2009-08-13,,
SOBERLIVINGHOUSE.COM,2000-08-13,,
ADDICTION-TREATMENT-INFO.COM,2008-08-14,X,
ALCOHOLADDICTIONMEDICALTREATMENT.COM,2001-08-14,,
ASSOCIATIONOFINTERVENTIONSPECIALIST.COM,2006-08-14,,
ASSOCIATIONOFINTERVENTIONSPECIALISTS.COM,2006-08-14,,
CHRISTIANALCOHOLANDDRUGTREATMENT.COM,2008-08-14,,
COCAINEADDICTIONHELP.COM,2008-08-14,,
DRUGREHABDETOX.COM,2008-08-14,,
NALTREXONEFORADDICTION.COM,2008-08-14,,
TWELVESTEPSEXPLAINED.COM,2008-08-14,,
WOMANREHEB.COM,2006-08-14,,
NARCOTICSADDICTIONS.COM,2007-08-15,,
OXYADDICTIONS.COM,2007-08-15,,
SOBEREDUCATION.COM,2005-08-15,,
ADDICTIONMD.COM,2003-08-16,,
ALCOHOLREHABBLOG.COM,2009-08-16,,
LAGUNABEACHREHAB.COM,2010-08-16,,
SOBERLIVINGFOUNDATION.COM,2007-08-16,,
DRUGADDICTIONNEWS.COM,2002-08-17,,
SOBERLIVINGFOUNDATION.ORG,2007-08-17,,
LOGANSPEAKS.COM,2015-08-18,,
ADOLESCENTDRUGREHABS.ORG,2006-08-21,,
ALTERNATIVEDRUGREHAB.ORG,2006-08-21,,
continuumclinics.com,2018-08-21,,
continuummedclinic.com,2018-08-21,,
continuummedclinics.com,2018-08-21,,
continuummedicalclinic.com,2018-08-21,,
continuummedicalclinics.com,2018-08-21,,
METHREHABCENTER.COM,2005-08-21,,
ALCOHOLDRUGREHABCENTERS.COM,2005-08-22,X,Forwards to 12steprecovery.com
DRUGREHABHOUSTON.COM,2008-08-22,,
FORTWORTHDRUGPROGRAM.COM,2011-08-23,,
SANANTONIODRUGPROGRAM.COM,2011-08-23,,
sunblock.store,2020-08-24,,
sunblock.today,2020-08-24,,
sunblockalternative.com,2020-08-24,,
sunblockalternative.info,2020-08-24,,
sunblockalternative.net,2020-08-24,,
sunblockalternative.org,2020-08-24,,
sunblockalternatives.com,2020-08-24,,
sunblocknews.com,2020-08-24,,
sunblocknow.com,2020-08-24,,
sunblockworld.com,2020-08-24,,
sunscreenalternative.com,2020-08-24,,
sunscreenalternatives.com,2020-08-24,,
ALCOHOLANDDRUGREHABCLINICS.COM,2005-08-26,,
ALCOHOLABUSEBLOG.COM,2008-08-28,,
SOBERHIGH.COM,2008-08-30,,
SOBERHIGH.INFO,2008-08-30,,
SOBERHIGH.NET,2008-08-30,,
SOBERHIGH.ORG,2008-08-30,,
SOBERLIVINGSOUTHERNCALIFORNIA.COM,2006-08-30,,
BIPOLARANDDEPRESSION.ORG,2010-08-31,,
DRUG-REHABPROGRAM.COM,2007-08-31,,
DRUGREHABX.COM,2011-08-31,,
